Variável,Importância
numeric__DAYS_BIRTH,0.1924204942636227
numeric__DAYS_EMPLOYED,0.14870710907449297
numeric__AMT_INCOME_TOTAL,0.1463628907852272
numeric__CNT_FAM_MEMBERS,0.0394037879416578
numeric__FLAG_PHONE,0.028224264935520244
numeric__CNT_CHILDREN,0.02780946797882715
numeric__FLAG_WORK_PHONE,0.021267716076177688
categorical__NAME_EDUCATION_TYPE_Secondary / secondary special,0.020142852857566652
categorical__OCCUPATION_TYPE_Outros,0.019724308293726997
categorical__FLAG_OWN_CAR_N,0.019271732976370273
categorical__NAME_INCOME_TYPE_Working,0.018998074075181993
categorical__FLAG_OWN_CAR_Y,0.018835105963178184
categorical__NAME_EDUCATION_TYPE_Higher education,0.01761266453946531
categorical__NAME_INCOME_TYPE_Commercial associate,0.016732257677394134
categorical__FLAG_OWN_REALTY_N,0.01656388276090165
categorical__OCCUPATION_TYPE_Laborers,0.015473944945457277
categorical__NAME_FAMILY_STATUS_Married,0.015334528697771499
categorical__FLAG_OWN_REALTY_Y,0.014946640694980234
categorical__OCCUPATION_TYPE_Core staff,0.013393665327915801
numeric__FLAG_EMAIL,0.01309058358614708
categorical__NAME_FAMILY_STATUS_Single / not married,0.01291984009285935
categorical__CODE_GENDER_F,0.01278131385072
categorical__CODE_GENDER_M,0.012635124808335873
categorical__OCCUPATION_TYPE_Sales staff,0.011399366361180788
categorical__NAME_HOUSING_TYPE_House / apartment,0.011186339616657739
categorical__NAME_INCOME_TYPE_Pensioner,0.010889190727880844
categorical__NAME_FAMILY_STATUS_Civil marriage,0.010545753029020576
categorical__NAME_INCOME_TYPE_State servant,0.010310376004351144
categorical__OCCUPATION_TYPE_Managers,0.009791238641257322
categorical__NAME_FAMILY_STATUS_Separated,0.008738267528364914
categorical__OCCUPATION_TYPE_Drivers,0.00864740653034095
categorical__OCCUPATION_TYPE_High skill tech staff,0.007900031358550982
categorical__NAME_FAMILY_STATUS_Widow,0.007863348391474215
categorical__OCCUPATION_TYPE_Accountants,0.006976100872480598
categorical__NAME_EDUCATION_TYPE_Incomplete higher,0.006451320559989132
categorical__NAME_HOUSING_TYPE_With parents,0.0063132778615484445
categorical__OCCUPATION_TYPE_Medicine staff,0.005840697137904625
categorical__NAME_HOUSING_TYPE_Municipal apartment,0.0054818329815438625
categorical__NAME_EDUCATION_TYPE_Lower secondary,0.003034580285338096
categorical__NAME_HOUSING_TYPE_Rented apartment,0.0027303535377922973
categorical__NAME_HOUSING_TYPE_Office apartment,0.0022481609161949466
categorical__NAME_HOUSING_TYPE_Co-op apartment,0.0009614554024332306
categorical__NAME_EDUCATION_TYPE_Academic degree,2.9099750590683937e-05
categorical__NAME_INCOME_TYPE_Student,9.55030160663879e-06
